,noFear_noChat_avg_fitness,noFear_noChat_cat_avg_fitness,noFear_noChat_count,noFear_noChat_keep,noFear_noChat_give,noFear_noChat_steal,noFear_chat_avg_fitness,noFear_chat_cat_avg_fitness,noFear_chat_count,noFear_chat_keep,noFear_chat_give,noFear_chat_steal,fear_noChat_avg_fitness,fear_noChat_cat_avg_fitness,fear_noChat_count,fear_noChat_keep,fear_noChat_give,fear_noChat_steal,fear_chat_avg_fitness,fear_chat_cat_avg_fitness,fear_chat_count,fear_chat_keep,fear_chat_give,fear_chat_steal,homogeneous_noFear_noChat_avg_fitness,homogeneous_noFear_noChat_cat_avg_fitness,homogeneous_noFear_noChat_count,homogeneous_noFear_noChat_keep,homogeneous_noFear_noChat_give,homogeneous_noFear_noChat_steal,homogeneous_noFear_chat_avg_fitness,homogeneous_noFear_chat_cat_avg_fitness,homogeneous_noFear_chat_count,homogeneous_noFear_chat_keep,homogeneous_noFear_chat_give,homogeneous_noFear_chat_steal,homogeneous_fear_noChat_avg_fitness,homogeneous_fear_noChat_cat_avg_fitness,homogeneous_fear_noChat_count,homogeneous_fear_noChat_keep,homogeneous_fear_noChat_give,homogeneous_fear_noChat_steal,homogeneous_fear_chat_avg_fitness,homogeneous_fear_chat_cat_avg_fitness,homogeneous_fear_chat_count,homogeneous_fear_chat_keep,homogeneous_fear_chat_give,homogeneous_fear_chat_steal,mixed_noFear_noChat_avg_fitness,mixed_noFear_noChat_cat_avg_fitness,mixed_noFear_noChat_count,mixed_noFear_noChat_keep,mixed_noFear_noChat_give,mixed_noFear_noChat_steal,mixed_noFear_chat_avg_fitness,mixed_noFear_chat_cat_avg_fitness,mixed_noFear_chat_count,mixed_noFear_chat_keep,mixed_noFear_chat_give,mixed_noFear_chat_steal,mixed_fear_noChat_avg_fitness,mixed_fear_noChat_cat_avg_fitness,mixed_fear_noChat_count,mixed_fear_noChat_keep,mixed_fear_noChat_give,mixed_fear_noChat_steal,mixed_fear_chat_avg_fitness,mixed_fear_chat_cat_avg_fitness,mixed_fear_chat_count,mixed_fear_chat_keep,mixed_fear_chat_give,mixed_fear_chat_steal
0,7.510240064131989,1.387778780781445e-17,1.0,0.831375,0.168625,-0.0,12.868391264603488,5.551115123125783e-17,1.0,0.756625,0.243375,-0.0,3.6136018997474553,0.0,1.0,0.752125,0.247875,-0.0,13.343671235131932,0.0,1.0,0.891375,0.108625,-0.0,,,,,,,,,,,,,,,,,,,,,,,,,,,,,,,,,,,,,,,,,,,,,,,,
1,29.30590934241756,0.0,1.0,0.815,0.185,-0.0,15.070659289988145,5.551115123125783e-17,1.0,0.793875,0.206125,-0.0,6.939963560897261,1.110223024625156e-16,1.0,0.737125,0.262875,-0.0,58.09511590096295,0.0,1.0,0.688,0.312,-0.0,,,,,,,,,,,,,,,,,,,,,,,,,,,,,,,,,,,,,,,,,,,,,,,,
2,38.24803256639139,0.0,1.0,0.8355,0.1575,0.007,26.45651230180124,0.0,1.0,0.792375,0.1945,0.013125,7.211084382943172,0.0,1.0,0.778375,0.21525,0.006375,72.53423313630384,0.40093679177124203,,0.657875,0.251875,0.09025,,,,,,,,,,,,,,,,,,,,,,,,,,,,,,,,,,,,,,,,,,,,,,,,
3,42.77349876509732,0.0,,0.822625,0.15925,0.018125,31.84360253333657,0.0,,0.829625,0.151125,0.01925,16.254874117557343,0.0,,0.736125,0.234875,0.029,75.29666282328138,8.326672684688674e-17,,0.718,0.173375,0.108625,,,,,,,,,,,,,,,,,,,,,,,,,,,,,,,,,,,,,,,,,,,,,,,,
4,52.31219927799432,0.0,,0.814125,0.162625,0.02325,36.280061551166334,8.326672684688674e-17,,0.812625,0.148125,0.03925,21.799501840855985,2.775557561562891e-17,,0.708625,0.236625,0.05475,89.80553644138287,6.938893903907228e-17,,0.67725,0.220875,0.101875,,,,,,,,,,,,,,,,,,,,,,,,,,,,,,,,,,,,,,,,,,,,,,,,
5,52.4146683520862,0.0,,0.818625,0.151125,0.03025,42.41156469308582,0.0,,0.82675,0.1405,0.03275,23.393933010949453,0.0,,0.720125,0.23575,0.044125,104.4025942105443,0.0,,0.621625,0.313,0.065375,,,,,,,,,,,,,,,,,,,,,,,,,,,,,,,,,,,,,,,,,,,,,,,,
6,53.11841028897698,3.885780586188048e-16,,0.812625,0.157125,0.03025,44.146069931223074,1.110223024625156e-16,,0.845625,0.1195,0.034875,32.51261969062104,0.0,,0.702375,0.24425,0.053375,120.23027387878572,0.0,,0.597625,0.34675,0.055625,,,,,,,,,,,,,,,,,,,,,,,,,,,,,,,,,,,,,,,,,,,,,,,,
7,62.46758340525753,0.001168761773327,,0.8,0.145625,0.054375,44.51604916343943,0.0,,0.84675,0.117375,0.035875,34.765976778496025,0.0,,0.703875,0.248125,0.048,126.91687482247116,1.035860437086162,,0.522625,0.435,0.042375,,,,,,,,,,,,,,,,,,,,,,,,,,,,,,,,,,,,,,,,,,,,,,,,
8,64.83242257592711,2.220446049250313e-16,,0.80125,0.144625,0.054125,45.56122567719332,6.938893903907228e-17,,0.851,0.117625,0.031375,36.63943264044877,0.0,,0.713625,0.215625,0.07075,140.5796319060468,0.005847108152989,,0.485875,0.49125,0.022875,,,,,,,,,,,,,,,,,,,,,,,,,,,,,,,,,,,,,,,,,,,,,,,,
9,65.16958709283152,0.0,,0.781125,0.157,0.061875,46.43736769858585,0.024518501524449003,,0.8515,0.11575,0.03275,38.4504759978992,0.0,,0.705,0.229125,0.065875,144.74201598749966,0.0,,0.42475,0.558625,0.016625,,,,,,,,,,,,,,,,,,,,,,,,,,,,,,,,,,,,,,,,,,,,,,,,
10,66.26599781826812,0.0,,0.7785,0.155,0.0665,48.83307929371532,0.933964459111234,,0.83225,0.105,0.06275,42.28924481052408,2.220446049250313e-16,,0.71825,0.206375,0.075375,149.49182205012613,0.0,,0.38625,0.606375,0.007375,,,,,,,,,,,,,,,,,,,,,,,,,,,,,,,,,,,,,,,,,,,,,,,,
11,67.89264118829807,0.0,,0.787,0.15825,0.05475,49.22783020278069,5.828670879282072e-16,,0.86325,0.0985,0.03825,47.84308864214742,0.0,,0.723625,0.19625,0.080125,149.82307939761893,0.0003272751216,,0.341875,0.64525,0.012875,,,,,,,,,,,,,,,,,,,,,,,,,,,,,,,,,,,,,,,,,,,,,,,,
12,68.53821369458993,0.0,,0.792125,0.157125,0.05075,49.93415324398791,0.37396308553141705,,0.874625,0.102625,0.02275,50.472354322908025,0.0,,0.738125,0.217625,0.04425,150.7631599543229,0.0,,0.30525,0.683625,0.011125,,,,,,,,,,,,,,,,,,,,,,,,,,,,,,,,,,,,,,,,,,,,,,,,
13,69.05216257142193,1.387778780781445e-17,,0.804875,0.139375,0.05575,51.30491698473122,0.469893693150548,,0.872,0.107375,0.020625,50.53501894306575,0.0,,0.720625,0.22425,0.055125,153.19551283340672,0.046141900575553,,0.294125,0.690625,0.01525,,,,,,,,,,,,,,,,,,,,,,,,,,,,,,,,,,,,,,,,,,,,,,,,
14,71.09505099028527,0.0017856313422560002,,0.816375,0.145125,0.0385,53.51793114015232,5.551115123125783e-17,,0.882375,0.108,0.009625,51.42597649239853,1.110223024625156e-16,,0.750625,0.209625,0.03975,153.96188550307664,0.045682193140858,,0.2865,0.705125,0.008375,,,,,,,,,,,,,,,,,,,,,,,,,,,,,,,,,,,,,,,,,,,,,,,,
15,71.43811397067752,0.0032556392482700003,,0.825875,0.1505,0.023625,54.19525484434363,0.0,,0.87075,0.12125,0.008,52.88853810148023,0.0,,0.749125,0.204,0.046875,155.9063810581508,2.775557561562891e-17,,0.277625,0.715625,0.00675,,,,,,,,,,,,,,,,,,,,,,,,,,,,,,,,,,,,,,,,,,,,,,,,
16,73.711017245949,1.110223024625156e-16,,0.83475,0.14475,0.0205,54.63011790473831,5.551115123125783e-17,,0.87775,0.119375,0.002875,54.31898748602875,2.016187453242096,,0.7665,0.20775,0.02575,165.9132185641964,2.775557561562891e-17,,0.280875,0.714375,0.00475,,,,,,,,,,,,,,,,,,,,,,,,,,,,,,,,,,,,,,,,,,,,,,,,
17,73.7516732505669,0.006999062187724001,,0.845625,0.137375,0.017,56.99819163284784,0.0,,0.87475,0.119125,0.006125,56.4918527595836,2.321561757682741,,0.760125,0.20875,0.031125,169.9987601608827,0.0,,0.276375,0.719375,0.00425,,,,,,,,,,,,,,,,,,,,,,,,,,,,,,,,,,,,,,,,,,,,,,,,
18,75.10341814219099,0.034511081372261006,,0.837,0.148,0.015,63.06351292999383,1.074052244367175,,0.879125,0.116,0.004875,59.09694315474756,2.220446049250313e-16,,0.764375,0.2115,0.024125,171.27022601404585,1.6653345369377338e-16,,0.26625,0.732875,0.000875,,,,,,,,,,,,,,,,,,,,,,,,,,,,,,,,,,,,,,,,,,,,,,,,
19,75.48532153563372,0.0,,0.842625,0.138375,0.019,63.49728353922306,0.9289951798646661,,0.8835,0.11125,0.00525,60.168503744525,5.551115123125783e-16,,0.751625,0.22025,0.028125,176.958081600825,2.775557561562891e-17,,0.271625,0.726,0.002375,,,,,,,,,,,,,,,,,,,,,,,,,,,,,,,,,,,,,,,,,,,,,,,,
20,78.3824023442945,0.0,,0.853375,0.134125,0.0125,64.01832535842436,0.0,,0.890125,0.105125,0.00475,61.33982266794303,2.220446049250313e-16,,0.75925,0.220375,0.020375,177.64438539433164,3.3306690738754696e-15,,0.27725,0.7175,0.00525,,,,,,,,,,,,,,,,,,,,,,,,,,,,,,,,,,,,,,,,,,,,,,,,
21,79.04120991594662,0.0,,0.85025,0.137875,0.011875,64.85869500158708,1.387778780781445e-17,,0.890125,0.10775,0.002125,61.99137942136596,0.0,,0.761375,0.20975,0.028875,183.87092810011268,1.387778780781445e-15,,0.29175,0.70225,0.006,,,,,,,,,,,,,,,,,,,,,,,,,,,,,,,,,,,,,,,,,,,,,,,,
22,79.50708818308605,0.0033390221638470003,,0.862125,0.12975,0.008125,65.48959237368136,0.0,,0.889375,0.109875,0.00075,62.00514146289932,0.195209571657376,,0.77125,0.208625,0.020125,186.2816462480972,0.0,,0.28425,0.708375,0.007375,,,,,,,,,,,,,,,,,,,,,,,,,,,,,,,,,,,,,,,,,,,,,,,,
23,80.10680767014804,1.110223024625156e-16,,0.861875,0.132875,0.00525,65.80605124889928,0.0,,0.881625,0.114,0.004375,62.70682834492372,0.025132149628291002,,0.779125,0.20125,0.019625,188.43859120633263,0.0,,0.294875,0.69825,0.006875,,,,,,,,,,,,,,,,,,,,,,,,,,,,,,,,,,,,,,,,,,,,,,,,
24,80.2105345682246,2.775557561562891e-17,,0.867375,0.1275,0.005125,67.10016278390253,6.938893903907228e-17,,0.883625,0.113625,0.00275,63.463649228470864,0.0,,0.77325,0.205125,0.021625,189.3552038930778,0.0014876259062820002,,0.301125,0.69375,0.005125,,,,,,,,,,,,,,,,,,,,,,,,,,,,,,,,,,,,,,,,,,,,,,,,
25,80.84477375396675,0.0,,0.85525,0.134375,0.010375,67.33880194029457,0.0,,0.880375,0.119375,0.00025,64.37733253289986,0.0,,0.776125,0.21125,0.012625,189.98865201132256,0.0,,0.3015,0.683875,0.014625,,,,,,,,,,,,,,,,,,,,,,,,,,,,,,,,,,,,,,,,,,,,,,,,
26,80.92219638543932,0.0,,0.86125,0.136625,0.002125,68.98428360417245,0.0,,0.868125,0.126625,0.00525,65.6649745410846,0.207220872341866,,0.77825,0.212125,0.009625,192.65607825431428,1.4663174921318811,,0.311375,0.67475,0.013875,,,,,,,,,,,,,,,,,,,,,,,,,,,,,,,,,,,,,,,,,,,,,,,,
27,81.08815506945419,0.0,,0.86775,0.12875,0.0035,69.06360038840418,1.6653345369377338e-16,,0.87125,0.12675,0.002,67.65402017832272,5.551115123125783e-17,,0.780125,0.209625,0.01025,194.4856513897768,1.7823536806673972,,0.3225,0.66825,0.00925,,,,,,,,,,,,,,,,,,,,,,,,,,,,,,,,,,,,,,,,,,,,,,,,
28,82.62255782309884,5.551115123125783e-17,,0.8865,0.110125,0.003375,69.4673431080106,0.0,,0.8895,0.10475,0.00575,68.58606977526634,0.000498473826814,,0.7885,0.205125,0.006375,194.8540460194436,0.129919101280762,,0.322,0.661875,0.016125,,,,,,,,,,,,,,,,,,,,,,,,,,,,,,,,,,,,,,,,,,,,,,,,
29,83.38247151518875,8.326672684688674e-17,,0.871625,0.11975,0.008625,72.43286947325987,0.0,,0.8895,0.10575,0.00475,68.87991346988876,9.702507529600001e-05,,0.783375,0.20575,0.010875,195.3209064406019,1.110223024625156e-16,,0.323875,0.664,0.012125,,,,,,,,,,,,,,,,,,,,,,,,,,,,,,,,,,,,,,,,,,,,,,,,
30,83.62046062191943,0.0,,0.848875,0.151125,-0.0,72.76493275342055,0.0,,0.7995,0.2005,-0.0,70.30186451390668,1.064028224539965,,0.789,0.211,-0.0,198.62852472483647,0.013230321622805002,,0.93225,0.06775,-0.0,,,,,,,,,,,,,,,,,,,,,,,,,,,,,,,,,,,,,,,,,,,,,,,,
31,83.68822124135703,5.551115123125783e-17,,0.83325,0.16675,-0.0,73.27890959745534,5.551115123125783e-17,,0.6045,0.3955,-0.0,71.35732449798074,1.5960991100207251,,0.8365,0.16125,0.00225,200.17555749267729,4.163336342344337e-17,,0.93875,0.06125,-0.0,,,,,,,,,,,,,,,,,,,,,,,,,,,,,,,,,,,,,,,,,,,,,,,,
32,84.22900952735856,0.48618749518187904,,0.81575,0.181375,0.002875,73.8935166113775,0.0,,0.69925,0.23525,0.0655,71.88912705676316,0.0,,0.91575,0.08425,-0.0,200.3441654559032,5.551115123125783e-17,,0.936875,0.05225,0.010875,,,,,,,,,,,,,,,,,,,,,,,,,,,,,,,,,,,,,,,,,,,,,,,,
33,84.74488177855773,0.11949048788425701,,0.82325,0.169125,0.007625,76.19642981318177,9.714451465470121e-17,,0.7385,0.19725,0.06425,75.63866734385549,0.0,,0.921375,0.0765,0.002125,202.93338627197676,0.0,,0.946375,0.037,0.016625,,,,,,,,,,,,,,,,,,,,,,,,,,,,,,,,,,,,,,,,,,,,,,,,
34,84.89705077376803,0.045764845383834005,,0.823625,0.161875,0.0145,77.87572281652966,0.0,,0.66375,0.274875,0.061375,77.22916409793784,0.0,,0.919125,0.078625,0.00225,208.2675386645384,2.775557561562891e-17,,0.936875,0.031875,0.03125,,,,,,,,,,,,,,,,,,,,,,,,,,,,,,,,,,,,,,,,,,,,,,,,
35,85.42057936562499,0.069227006199111,,0.813375,0.16025,0.026375,80.06817793029734,0.0,,0.6205,0.32275,0.05675,79.45143705763401,5.551115123125783e-17,,0.911,0.074625,0.014375,213.00100330178023,2.775557561562891e-17,,0.929875,0.03375,0.036375,,,,,,,,,,,,,,,,,,,,,,,,,,,,,,,,,,,,,,,,,,,,,,,,
36,85.45720593896829,0.029398073245672004,,0.808625,0.1625,0.028875,81.02018841370104,3.330669073875469e-16,,0.59225,0.351375,0.056375,79.7699133908988,0.084331830403612,,0.901125,0.070875,0.028,213.49815064959208,1.804775206438415,,0.927875,0.042125,0.03,,,,,,,,,,,,,,,,,,,,,,,,,,,,,,,,,,,,,,,,,,,,,,,,
37,86.46143914582323,0.0,,0.789625,0.182875,0.0275,81.96120616938319,0.0,,0.575625,0.3875,0.036875,80.84811348669957,0.21522648728239502,,0.88575,0.075625,0.038625,214.54259208191152,1.4725925520635181,,0.938,0.04175,0.02025,,,,,,,,,,,,,,,,,,,,,,,,,,,,,,,,,,,,,,,,,,,,,,,,
38,86.5094866367632,9.714451465470121e-17,,0.769625,0.20375,0.026625,82.08684401554227,9.714451465470121e-17,,0.542125,0.433375,0.0245,81.93769083700943,0.0,,0.869875,0.086375,0.04375,216.95407382155108,1.110223024625156e-16,,0.9315,0.047125,0.021375,,,,,,,,,,,,,,,,,,,,,,,,,,,,,,,,,,,,,,,,,,,,,,,,
39,87.6844748198911,4.163336342344337e-17,,0.756875,0.2175,0.025625,82.27595905097115,2.498001805406602e-16,,0.50075,0.47525,0.024,82.04975581845983,2.220446049250313e-16,,0.887625,0.08425,0.028125,218.475750476784,1.110223024625156e-16,,0.908375,0.054625,0.037,,,,,,,,,,,,,,,,,,,,,,,,,,,,,,,,,,,,,,,,,,,,,,,,
40,87.70229029980204,5.551115123125783e-17,,0.762,0.21675,0.02125,82.71368340735575,8.326672684688674e-17,,0.48875,0.4995,0.01175,84.9806919232897,1.4239453396084651,,0.862375,0.094375,0.04325,219.43816903927703,0.23427809226360602,,0.927125,0.047125,0.02575,,,,,,,,,,,,,,,,,,,,,,,,,,,,,,,,,,,,,,,,,,,,,,,,
41,87.95782610708902,0.0,,0.763125,0.21525,0.021625,84.09812646579032,0.0,,0.483375,0.5075,0.009125,85.02324221667287,0.186768627436998,,0.8845,0.08775,0.02775,219.84722697892744,4.996003610813204e-16,,0.941125,0.046125,0.01275,,,,,,,,,,,,,,,,,,,,,,,,,,,,,,,,,,,,,,,,,,,,,,,,
42,88.40077275129588,0.0,,0.75225,0.215125,0.032625,84.87254571044724,1.110223024625156e-16,,0.464375,0.522,0.013625,87.39203787813918,0.0,,0.89275,0.09275,0.0145,221.95443965313663,2.775557561562891e-17,,0.940625,0.047625,0.01175,,,,,,,,,,,,,,,,,,,,,,,,,,,,,,,,,,,,,,,,,,,,,,,,
43,89.08332871765529,1.387778780781445e-17,,0.756625,0.203375,0.04,85.37405815365652,0.0,,0.4345,0.552625,0.012875,88.18368161042723,0.033901918483639,,0.88875,0.099125,0.012125,222.40803743743797,8.326672684688674e-17,,0.9405,0.04575,0.01375,,,,,,,,,,,,,,,,,,,,,,,,,,,,,,,,,,,,,,,,,,,,,,,,
44,89.08368618468445,0.008159360549251,,0.760625,0.210875,0.0285,85.4192929376674,0.006507354566023,,0.4305,0.559625,0.009875,90.8395621247316,2.775557561562891e-17,,0.911,0.08425,0.00475,222.94430336952877,0.0,,0.940125,0.04625,0.013625,,,,,,,,,,,,,,,,,,,,,,,,,,,,,,,,,,,,,,,,,,,,,,,,
45,89.43977330370109,0.0,,0.75925,0.217,0.02375,85.42266714190606,0.001459593229729,,0.42,0.576125,0.003875,93.13066871755346,0.014819327802079,,0.91125,0.081,0.00775,223.82528515507684,0.0,,0.950125,0.041,0.008875,,,,,,,,,,,,,,,,,,,,,,,,,,,,,,,,,,,,,,,,,,,,,,,,
46,89.8082279267953,0.0,,0.7585,0.225625,0.015875,85.69450306900463,0.0,,0.407625,0.584875,0.0075,97.8124428091637,0.0,,0.903625,0.08625,0.010125,226.28426163132772,1.110223024625156e-16,,0.949375,0.041625,0.009,,,,,,,,,,,,,,,,,,,,,,,,,,,,,,,,,,,,,,,,,,,,,,,,
47,90.600104893276,1.110223024625156e-16,,0.753375,0.23,0.016625,85.70063012715786,1.110223024625156e-16,,0.400625,0.597625,0.00175,100.51334588901231,0.75106592396258,,0.907625,0.082,0.010375,228.14486913793016,2.220446049250313e-16,,0.949125,0.044,0.006875,,,,,,,,,,,,,,,,,,,,,,,,,,,,,,,,,,,,,,,,,,,,,,,,
48,91.26461253512772,1.387778780781445e-17,,0.748125,0.24125,0.010625,86.52624258694632,1.627282310901109,,0.4015,0.593625,0.004875,102.27987066299214,0.18904648941651603,,0.90475,0.0855,0.00975,232.51138737967207,5.551115123125783e-17,,0.961,0.0365,0.0025,,,,,,,,,,,,,,,,,,,,,,,,,,,,,,,,,,,,,,,,,,,,,,,,
49,91.85234137174304,0.0,,0.752125,0.231125,0.01675,86.624510075007,1.382419682676894,,0.403875,0.5935,0.002625,102.72128412828135,0.36391307422919905,,0.90175,0.095125,0.003125,233.13744543428805,0.07631050927214801,,0.962875,0.037,0.000125,,,,,,,,,,,,,,,,,,,,,,,,,,,,,,,,,,,,,,,,,,,,,,,,
50,91.86129751581667,0.068229711311209,,0.742125,0.246125,0.01175,87.38645006221708,6.938893903907228e-17,,0.40325,0.596375,0.000375,102.72264093045531,0.0,,0.912375,0.083125,0.0045,233.41701843852965,0.0,,0.965125,0.033125,0.00175,,,,,,,,,,,,,,,,,,,,,,,,,,,,,,,,,,,,,,,,,,,,,,,,
51,92.12108576898328,0.0,,0.750125,0.23575,0.014125,87.79069943895549,9.714451465470121e-17,,0.396625,0.60325,0.000125,104.7449225846388,1.942890293094024e-16,,0.912125,0.083125,0.00475,233.8427811847484,2.775557561562891e-17,,0.964875,0.034,0.001125,,,,,,,,,,,,,,,,,,,,,,,,,,,,,,,,,,,,,,,,,,,,,,,,
52,92.22388712738484,8.326672684688674e-17,,0.740125,0.24725,0.012625,87.97455295088736,0.0,,0.39525,0.60475,-0.0,110.06761430693814,2.220446049250313e-16,,0.912625,0.0825,0.004875,236.0987957616457,0.0,,0.96325,0.035375,0.001375,,,,,,,,,,,,,,,,,,,,,,,,,,,,,,,,,,,,,,,,,,,,,,,,
53,93.33414334781412,0.003271778773876,,0.747625,0.2425,0.009875,88.41730995412387,0.0,,0.3995,0.6005,-0.0,110.39075897293786,3.330669073875469e-16,,0.91525,0.078,0.00675,238.33431039438688,0.055222341850727004,,0.960125,0.0375,0.002375,,,,,,,,,,,,,,,,,,,,,,,,,,,,,,,,,,,,,,,,,,,,,,,,
54,93.43836108992362,5.551115123125783e-17,,0.7375,0.250875,0.011625,89.60224549829842,2.775557561562891e-17,,0.3915,0.6085,-0.0,111.89513778175558,0.0,,0.90975,0.082625,0.007625,239.3332648502852,0.0,,0.96225,0.033375,0.004375,,,,,,,,,,,,,,,,,,,,,,,,,,,,,,,,,,,,,,,,,,,,,,,,
55,94.12285808600464,0.005790141911681,,0.73375,0.257625,0.008625,91.0259954437398,0.0,,0.387125,0.612875,-0.0,112.29777513601252,0.0,,0.909,0.0885,0.0025,239.4480596563862,0.026909091644707003,,0.96575,0.02975,0.0045,,,,,,,,,,,,,,,,,,,,,,,,,,,,,,,,,,,,,,,,,,,,,,,,
56,94.19033836097874,0.0,,0.731,0.257875,0.011125,91.0400900854199,5.551115123125783e-17,,0.38975,0.605,0.00525,112.61056737082714,0.314837864373991,,0.903,0.08625,0.01075,240.29717994241508,1.387778780781445e-17,,0.965,0.033375,0.001625,,,,,,,,,,,,,,,,,,,,,,,,,,,,,,,,,,,,,,,,,,,,,,,,
57,94.3098744737813,0.0033192955656960003,,0.742625,0.243,0.014375,91.5081062383344,0.0,,0.396125,0.599375,0.0045,114.27289663873108,0.544088985089045,,0.925125,0.074875,-0.0,241.341894540604,0.00024021117627400003,,0.969125,0.0265,0.004375,,,,,,,,,,,,,,,,,,,,,,,,,,,,,,,,,,,,,,,,,,,,,,,,
58,94.68426198511531,0.0,,0.734,0.251125,0.014875,91.73922539842157,1.433945256654909,,0.394125,0.600625,0.00525,116.48814000422053,0.0,,0.916,0.081875,0.002125,241.83848940872548,0.0,,0.965375,0.030125,0.0045,,,,,,,,,,,,,,,,,,,,,,,,,,,,,,,,,,,,,,,,,,,,,,,,
59,94.95322911523716,0.0,,0.719375,0.265625,0.015,92.42902513111903,0.9511274648939291,,0.39725,0.60025,0.0025,117.47137377859517,0.0,,0.9175,0.0805,0.002,242.40309827202245,0.0,,0.96575,0.029625,0.004625,,,,,,,,,,,,,,,,,,,,,,,,,,,,,,,,,,,,,,,,,,,,,,,,
60,95.05256709150758,0.0,,0.671875,0.328125,-0.0,92.55648600210472,0.0,,0.87225,0.12775,-0.0,118.0063581332302,3.330669073875469e-16,,0.886375,0.113625,-0.0,246.15927770904304,0.187408674678429,,,,,,,,,,,,,,,,,,,,,,,,,,,,,,,,,,,,,,,,,,,,,,,,,,,,
61,96.32252330363872,0.0,,0.516625,0.481875,0.0015,93.24231837165688,8.326672684688674e-17,,0.876125,0.12325,0.000625,118.75896941691472,0.0,,0.92975,0.07025,-0.0,247.0623100584244,1.387778780781445e-17,,,,,,,,,,,,,,,,,,,,,,,,,,,,,,,,,,,,,,,,,,,,,,,,,,,,
62,96.39288411760964,0.0,,0.586375,0.38125,0.032375,94.12921800171075,1.387778780781445e-16,,0.90925,0.085875,0.004875,119.55632858527852,1.110223024625156e-16,,0.933875,0.059625,0.0065,248.03340216566752,0.0,,,,,,,,,,,,,,,,,,,,,,,,,,,,,,,,,,,,,,,,,,,,,,,,,,,,
63,96.84922465439674,8.326672684688674e-17,,0.597,0.364625,0.038375,94.33657901513617,0.0,,0.9165,0.080125,0.003375,121.7273396052666,2.220446049250313e-16,,0.941625,0.046125,0.01225,248.9720393970593,1.6653345369377338e-16,,,,,,,,,,,,,,,,,,,,,,,,,,,,,,,,,,,,,,,,,,,,,,,,,,,,
64,97.34612225680829,0.041412728498153,,0.61225,0.351375,0.036375,94.64973262320557,0.0,,0.913875,0.083,0.003125,121.74638439398908,0.6306774159325761,,0.943,0.046625,0.010375,249.036820664636,5.551115123125783e-17,,,,,,,,,,,,,,,,,,,,,,,,,,,,,,,,,,,,,,,,,,,,,,,,,,,,
65,98.75057612556397,2.220446049250313e-16,,0.63,0.315625,0.054375,94.76302192283016,0.0,,0.907,0.088875,0.004125,128.33787372546902,0.37608544714696,,0.95275,0.039125,0.008125,249.1639709161045,0.018152187665433,,,,,,,,,,,,,,,,,,,,,,,,,,,,,,,,,,,,,,,,,,,,,,,,,,,,
66,99.14103102670236,0.0,,0.639,0.309875,0.051125,95.5299985414872,0.0,,0.884625,0.108375,0.007,128.51082835382817,0.8713716400946141,,0.948625,0.04025,0.011125,249.55010527270213,2.775557561562891e-17,,,,,,,,,,,,,,,,,,,,,,,,,,,,,,,,,,,,,,,,,,,,,,,,,,,,
67,100.70323776087125,2.775557561562891e-17,,0.65325,0.29825,0.0485,96.82033540527397,0.286608319262669,,0.877625,0.11325,0.009125,137.84907077435182,0.810395533795451,,0.94375,0.042875,0.013375,250.01975861456737,0.0,,,,,,,,,,,,,,,,,,,,,,,,,,,,,,,,,,,,,,,,,,,,,,,,,,,,
68,101.54909462896455,9.714451465470121e-17,,0.650625,0.294625,0.05475,97.004871790483,0.0,,0.8515,0.11925,0.02925,138.69580204560484,0.897173128938843,,0.927,0.044375,0.028625,252.1817124512372,8.049116928532385e-15,,,,,,,,,,,,,,,,,,,,,,,,,,,,,,,,,,,,,,,,,,,,,,,,,,,,
69,102.33777226861775,0.016881232475728,,0.665,0.297375,0.037625,97.1425454759207,1.110223024625156e-16,,0.8305,0.1295,0.04,142.47913065027657,0.9543600241499971,,0.94525,0.042125,0.012625,253.5076791337225,4.359925167527596,,,,,,,,,,,,,,,,,,,,,,,,,,,,,,,,,,,,,,,,,,,,,,,,,,,,
70,105.1376290101088,0.250668683507675,,0.6595,0.291875,0.048625,98.50183363546434,0.0,,0.823,0.131875,0.045125,143.38481910732506,0.0,,0.947875,0.03925,0.012875,254.94899340637429,0.00030638789753200003,,,,,,,,,,,,,,,,,,,,,,,,,,,,,,,,,,,,,,,,,,,,,,,,,,,,
71,105.60595057919284,0.262147787729119,,0.687,0.26275,0.05025,99.12484908412034,0.0,,0.83425,0.140375,0.025375,146.52876353103505,3.330669073875469e-16,,0.9605,0.036125,0.003375,257.67982942472526,1.6653345369377338e-16,,,,,,,,,,,,,,,,,,,,,,,,,,,,,,,,,,,,,,,,,,,,,,,,,,,,
72,108.4280066990955,1.110223024625156e-16,,0.689125,0.2725,0.038375,99.52140478948358,0.8514166941387211,,0.839375,0.14675,0.013875,147.1094016626904,0.0,,0.965,0.031625,0.003375,261.6551331343201,0.0,,,,,,,,,,,,,,,,,,,,,,,,,,,,,,,,,,,,,,,,,,,,,,,,,,,,
73,108.7095410317376,6.938893903907228e-17,,0.691125,0.274,0.034875,99.9785405766593,0.7939728808249831,,0.848625,0.14225,0.009125,147.84657585958777,1.110223024625156e-16,,0.96425,0.032125,0.003625,261.6826743810136,0.035152771863357,,,,,,,,,,,,,,,,,,,,,,,,,,,,,,,,,,,,,,,,,,,,,,,,,,,,
74,109.11652358757595,0.0,,0.686625,0.27025,0.043125,101.18528681053137,0.007119487236816001,,0.850375,0.138375,0.01125,151.84127081182336,0.0,,0.966,0.03325,0.00075,264.12939182515527,2.220446049250313e-16,,,,,,,,,,,,,,,,,,,,,,,,,,,,,,,,,,,,,,,,,,,,,,,,,,,,
75,109.6401142627513,0.0,,0.681625,0.2905,0.027875,102.1121079519233,1.8227766321798802,,0.84275,0.14475,0.0125,152.9520840379332,8.326672684688674e-17,,0.964375,0.03275,0.002875,265.5968867264312,0.0,,,,,,,,,,,,,,,,,,,,,,,,,,,,,,,,,,,,,,,,,,,,,,,,,,,,
76,111.41432295293134,0.012954529616711001,,0.676,0.287375,0.036625,103.5863764352209,0.00449169175898,,0.847625,0.14575,0.006625,153.6411330927318,0.0,,0.966375,0.03225,0.001375,267.9402808299523,0.008029766163328001,,,,,,,,,,,,,,,,,,,,,,,,,,,,,,,,,,,,,,,,,,,,,,,,,,,,
77,112.16939860199004,0.0,,0.687625,0.285625,0.02675,103.781968535553,1.110223024625156e-16,,0.85775,0.132875,0.009375,159.64322438938564,0.0,,0.967125,0.031625,0.00125,269.8594909329047,0.006429176341767,,,,,,,,,,,,,,,,,,,,,,,,,,,,,,,,,,,,,,,,,,,,,,,,,,,,
78,113.29612685744026,1.110223024625156e-16,,0.67425,0.30475,0.021,104.39744184947996,1.387778780781445e-17,,0.849,0.14575,0.00525,160.99503095567016,0.134828860168242,,0.964875,0.035,0.000125,270.49833891280275,2.775557561562891e-17,,,,,,,,,,,,,,,,,,,,,,,,,,,,,,,,,,,,,,,,,,,,,,,,,,,,
79,115.3812799316732,0.0,,0.6905,0.287375,0.022125,104.50140903850004,1.387778780781445e-17,,0.85525,0.137625,0.007125,166.46252839404127,0.155103471121725,,0.966375,0.03225,0.001375,270.989038138628,0.0,,,,,,,,,,,,,,,,,,,,,,,,,,,,,,,,,,,,,,,,,,,,,,,,,,,,
80,115.56284185152552,0.0,,0.706,0.279375,0.014625,105.06929477613392,0.0,,0.871375,0.122625,0.006,172.32862729661392,0.0,,0.970875,0.026125,0.003,271.37277720994985,5.551115123125783e-17,,,,,,,,,,,,,,,,,,,,,,,,,,,,,,,,,,,,,,,,,,,,,,,,,,,,
81,115.794224563952,4.163336342344337e-17,,0.70375,0.28575,0.0105,105.346632210432,1.6653345369377338e-16,,0.868375,0.12625,0.005375,178.82228876653127,0.009840304431771,,0.970375,0.029625,-0.0,272.7711946910372,0.040260912984478,,,,,,,,,,,,,,,,,,,,,,,,,,,,,,,,,,,,,,,,,,,,,,,,,,,,
82,119.56923443606549,8.326672684688674e-17,,0.7005,0.29175,0.00775,108.50979231249904,0.0,,0.864625,0.131375,0.004,181.98759493745652,1.110223024625156e-16,,0.969875,0.02975,0.000375,278.33587785784084,0.0,,,,,,,,,,,,,,,,,,,,,,,,,,,,,,,,,,,,,,,,,,,,,,,,,,,,
83,120.03014087031292,4.163336342344337e-17,,0.69925,0.29225,0.0085,109.40757492465448,5.551115123125783e-17,,0.86375,0.134125,0.002125,188.66294977842185,1.387778780781445e-16,,0.962875,0.032875,0.00425,279.5038031727304,5.551115123125783e-17,,,,,,,,,,,,,,,,,,,,,,,,,,,,,,,,,,,,,,,,,,,,,,,,,,,,
84,120.70800891596272,0.0,,0.715,0.276125,0.008875,110.08548597173736,0.145576660148191,,0.873,0.12575,0.00125,189.3583130400345,0.0,,0.97025,0.027,0.00275,280.61535417183825,0.058059441987761,,,,,,,,,,,,,,,,,,,,,,,,,,,,,,,,,,,,,,,,,,,,,,,,,,,,
85,122.49700017620714,2.220446049250313e-16,,0.70275,0.28975,0.0075,111.62768786965968,0.18186925501756201,,0.8795,0.117,0.0035,191.84681765405307,0.0,,0.97175,0.02825,-0.0,281.44460707159027,0.059487089572927004,,,,,,,,,,,,,,,,,,,,,,,,,,,,,,,,,,,,,,,,,,,,,,,,,,,,
86,122.743750007694,0.42867004483868903,,0.70075,0.29175,0.0075,112.0267700705354,1.6653345369377338e-16,,0.869625,0.123875,0.0065,192.6943219289931,0.0,,0.971375,0.02775,0.000875,284.1871656972863,2.775557561562891e-17,,,,,,,,,,,,,,,,,,,,,,,,,,,,,,,,,,,,,,,,,,,,,,,,,,,,
87,123.68968732659827,0.080997032545012,,0.702875,0.2855,0.011625,115.90086570833942,0.0,,0.87075,0.125,0.00425,192.9808318926163,1.110223024625156e-16,,0.974,0.026,-0.0,285.6282515634757,0.0,,,,,,,,,,,,,,,,,,,,,,,,,,,,,,,,,,,,,,,,,,,,,,,,,,,,
88,130.65026762600223,0.017263095782154,,0.70625,0.28075,0.013,118.70372110687369,0.0,,0.869,0.125875,0.005125,195.6107876098448,1.110223024625156e-16,,0.97625,0.02375,-0.0,286.9982706374187,0.007748473832464001,,,,,,,,,,,,,,,,,,,,,,,,,,,,,,,,,,,,,,,,,,,,,,,,,,,,
89,134.1843453329638,0.014062293902985001,,0.7085,0.278625,0.012875,121.26454729746054,0.0,,0.860625,0.13425,0.005125,201.04111543689768,0.0,,0.975,0.025,-0.0,289.0670935923781,0.0,,,,,,,,,,,,,,,,,,,,,,,,,,,,,,,,,,,,,,,,,,,,,,,,,,,,
90,137.30855992655884,0.00086772577715,,,,,125.68489303509476,5.551115123125783e-17,,,,,202.9578076908121,0.0,,,,,292.28048828407714,2.775557561562891e-17,,,,,,,,,,,,,,,,,,,,,,,,,,,,,,,,,,,,,,,,,,,,,,,,,,,,
91,138.97196873453464,0.0,,,,,126.34728880371412,0.0,,,,,203.54990439498496,0.0,,,,,298.33445384513925,8.326672684688674e-17,,,,,,,,,,,,,,,,,,,,,,,,,,,,,,,,,,,,,,,,,,,,,,,,,,,,
92,139.3850216307059,0.0,,,,,127.06341546437083,1.417039788288939,,,,,208.40034543857328,2.220446049250313e-16,,,,,300.9397319784792,0.0,,,,,,,,,,,,,,,,,,,,,,,,,,,,,,,,,,,,,,,,,,,,,,,,,,,,
93,140.75971581382652,0.09824074615424301,,,,,127.58057798557324,1.8604410542884522,,,,,215.84490284418044,3.885780586188048e-16,,,,,305.8775470115008,0.11044617043856401,,,,,,,,,,,,,,,,,,,,,,,,,,,,,,,,,,,,,,,,,,,,,,,,,,,,
94,143.5114565715894,6.938893903907228e-17,,,,,129.53119369428686,0.0,,,,,248.32657660003807,1.110223024625156e-16,,,,,308.7564448848853,0.0,,,,,,,,,,,,,,,,,,,,,,,,,,,,,,,,,,,,,,,,,,,,,,,,,,,,
95,144.55350817876996,0.0,,,,,129.56460937731904,8.326672684688674e-17,,,,,257.6310281566198,0.0,,,,,310.05293706350614,6.938893903907228e-17,,,,,,,,,,,,,,,,,,,,,,,,,,,,,,,,,,,,,,,,,,,,,,,,,,,,
96,147.9767562137751,0.09356428982126201,,,,,131.67798330692565,0.010012923759448001,,,,,287.2322604291034,2.220446049250313e-16,,,,,323.88285399375656,0.153076137659827,,,,,,,,,,,,,,,,,,,,,,,,,,,,,,,,,,,,,,,,,,,,,,,,,,,,
97,148.430859685013,0.0,,,,,134.25177992461172,0.0,,,,,293.4796566819706,0.0,,,,,326.723704117316,9.714451465470121e-17,,,,,,,,,,,,,,,,,,,,,,,,,,,,,,,,,,,,,,,,,,,,,,,,,,,,
98,149.09860982743493,0.0,,,,,159.19129996365572,0.0,,,,,299.1651321770881,0.0,,,,,336.1843554838446,1.9870804974417142,,,,,,,,,,,,,,,,,,,,,,,,,,,,,,,,,,,,,,,,,,,,,,,,,,,,
99,155.6258720262534,9.714451465470121e-17,,,,,179.0531017695947,0.0,,,,,306.041594472522,0.3225053581307,,,,,366.6648398794151,0.42504423892250404,,,,,,,,,,,,,,,,,,,,,,,,,,,,,,,,,,,,,,,,,,,,,,,,,,,,
100,37.19370267709955,0.0,,,,,4.882844468273492,1.249000902703301e-16,,,,,22.09952068058047,5.551115123125783e-17,,,,,29.783177784572302,0.0,,,,,,,,,,,,,,,,,,,,,,,,,,,,,,,,,,,,,,,,,,,,,,,,,,,,
101,45.9864180039613,0.027972388804865002,,,,,10.599982053720478,1.387778780781445e-16,,,,,33.4409124080346,0.0,,,,,31.862854055477285,4.163336342344337e-17,,,,,,,,,,,,,,,,,,,,,,,,,,,,,,,,,,,,,,,,,,,,,,,,,,,,
102,47.76308149128413,6.938893903907228e-17,,,,,71.32273348690818,1.6653345369377338e-16,,,,,38.99845925537637,5.551115123125783e-17,,,,,58.45704337971297,0.0,,,,,,,,,,,,,,,,,,,,,,,,,,,,,,,,,,,,,,,,,,,,,,,,,,,,
103,52.30319005045588,0.0,,,,,83.4400745855584,3.330669073875469e-16,,,,,53.77593490441572,8.326672684688674e-17,,,,,59.66516824680281,0.0,,,,,,,,,,,,,,,,,,,,,,,,,,,,,,,,,,,,,,,,,,,,,,,,,,,,
104,58.31461923331717,0.0009257732082630001,,,,,89.29856174998466,0.0,,,,,58.277758247548064,6.938893903907228e-17,,,,,61.85185778701487,0.0,,,,,,,,,,,,,,,,,,,,,,,,,,,,,,,,,,,,,,,,,,,,,,,,,,,,
105,58.72100000852074,0.013180710077433001,,,,,89.746300308802,0.0,,,,,58.38405845551362,0.0,,,,,69.99978320527495,0.0,,,,,,,,,,,,,,,,,,,,,,,,,,,,,,,,,,,,,,,,,,,,,,,,,,,,
106,62.67861651669072,5.551115123125783e-17,,,,,89.79882205435376,5.551115123125783e-17,,,,,59.38711401175083,0.0,,,,,73.68909285815461,0.16256052976309102,,,,,,,,,,,,,,,,,,,,,,,,,,,,,,,,,,,,,,,,,,,,,,,,,,,,
107,63.06422461876495,2.775557561562891e-17,,,,,100.61440554132126,5.551115123125783e-17,,,,,64.24537806392466,0.0,,,,,74.62350594772758,0.15620680315829902,,,,,,,,,,,,,,,,,,,,,,,,,,,,,,,,,,,,,,,,,,,,,,,,,,,,
108,64.1566091554354,0.010988250212616001,,,,,104.06828590261048,0.0,,,,,66.52836255301426,6.938893903907228e-17,,,,,77.09336342744403,2.775557561562891e-17,,,,,,,,,,,,,,,,,,,,,,,,,,,,,,,,,,,,,,,,,,,,,,,,,,,,
109,64.27884765127706,1.110223024625156e-16,,,,,112.29848342845,1.110223024625156e-16,,,,,67.0450851496119,2.775557561562891e-17,,,,,78.31797342315527,0.0,,,,,,,,,,,,,,,,,,,,,,,,,,,,,,,,,,,,,,,,,,,,,,,,,,,,
110,65.82955895643933,2.775557561562891e-17,,,,,114.93738117515386,0.0,,,,,69.79414019015341,4.163336342344337e-17,,,,,79.261926572801,0.138534334162863,,,,,,,,,,,,,,,,,,,,,,,,,,,,,,,,,,,,,,,,,,,,,,,,,,,,
111,65.85277002600439,2.775557561562891e-17,,,,,117.45442085755232,0.0088625474373,,,,,70.93232594405184,1.387778780781445e-17,,,,,79.90243044563695,0.140717594441989,,,,,,,,,,,,,,,,,,,,,,,,,,,,,,,,,,,,,,,,,,,,,,,,,,,,
112,72.10414323164692,0.5082281661907111,,,,,119.13183949659052,0.0,,,,,72.28588274054178,0.0,,,,,81.14739251491184,0.0,,,,,,,,,,,,,,,,,,,,,,,,,,,,,,,,,,,,,,,,,,,,,,,,,,,,
113,72.59658206637667,0.41344084758624505,,,,,125.12387663555008,0.0,,,,,74.70696821383513,1.6653345369377338e-16,,,,,81.97638760143533,0.08115064679643101,,,,,,,,,,,,,,,,,,,,,,,,,,,,,,,,,,,,,,,,,,,,,,,,,,,,
114,73.90989834788239,0.07971121349397,,,,,128.81957958877345,5.551115123125783e-17,,,,,77.59463836108328,0.0,,,,,82.88312985703145,0.15401075410852202,,,,,,,,,,,,,,,,,,,,,,,,,,,,,,,,,,,,,,,,,,,,,,,,,,,,
115,74.1902910001848,0.054530784003655006,,,,,129.9214124250937,5.551115123125783e-17,,,,,78.67227790762826,0.0,,,,,82.99967810355668,0.0,,,,,,,,,,,,,,,,,,,,,,,,,,,,,,,,,,,,,,,,,,,,,,,,,,,,
116,74.84634762146737,1.387778780781445e-16,,,,,133.7776899763643,0.033607443258131,,,,,79.4658457247604,4.579669976578771e-16,,,,,83.26215486295806,0.0,,,,,,,,,,,,,,,,,,,,,,,,,,,,,,,,,,,,,,,,,,,,,,,,,,,,
117,76.09025185627571,0.0038260344440910004,,,,,134.79526048205983,1.110223024625156e-16,,,,,80.30046703754493,0.0,,,,,83.4413682370038,0.0,,,,,,,,,,,,,,,,,,,,,,,,,,,,,,,,,,,,,,,,,,,,,,,,,,,,
118,77.85390749586077,4.163336342344337e-17,,,,,135.9414541322315,1.110223024625156e-16,,,,,82.91275957814554,8.326672684688674e-17,,,,,83.55812929420323,0.0,,,,,,,,,,,,,,,,,,,,,,,,,,,,,,,,,,,,,,,,,,,,,,,,,,,,
119,78.05978932676521,0.0,,,,,140.6196023485798,0.0,,,,,83.1151497161305,4.163336342344337e-17,,,,,83.94877113747705,0.0,,,,,,,,,,,,,,,,,,,,,,,,,,,,,,,,,,,,,,,,,,,,,,,,,,,,
120,78.37900584228846,0.278117014941481,,,,,140.67835697601456,0.0,,,,,83.67366670074392,0.8346106631421131,,,,,84.18613594863639,0.08417953618861901,,,,,,,,,,,,,,,,,,,,,,,,,,,,,,,,,,,,,,,,,,,,,,,,,,,,
121,79.90765176745828,0.32302619345008,,,,,142.24629247513667,0.0,,,,,84.06113469739986,0.8997102734333331,,,,,84.51145265391577,0.11448522057326001,,,,,,,,,,,,,,,,,,,,,,,,,,,,,,,,,,,,,,,,,,,,,,,,,,,,
122,80.81203436963627,0.0,,,,,142.3158990851778,0.008053198846843001,,,,,85.16149994064465,2.775557561562891e-17,,,,,84.70097798444473,0.0,,,,,,,,,,,,,,,,,,,,,,,,,,,,,,,,,,,,,,,,,,,,,,,,,,,,
123,81.80648557386317,0.0,,,,,144.1178281490205,0.0,,,,,85.2137720231289,5.551115123125783e-17,,,,,85.09978851514545,0.0,,,,,,,,,,,,,,,,,,,,,,,,,,,,,,,,,,,,,,,,,,,,,,,,,,,,
124,81.84238277142235,0.0,,,,,146.17974829802935,2.775557561562891e-17,,,,,85.21456727574733,4.163336342344337e-17,,,,,85.38216474065544,0.0,,,,,,,,,,,,,,,,,,,,,,,,,,,,,,,,,,,,,,,,,,,,,,,,,,,,
125,83.36666450156561,0.0,,,,,148.3525701149352,0.050582917058145,,,,,85.55712868197047,1.387778780781445e-16,,,,,85.38650042812964,5.551115123125783e-17,,,,,,,,,,,,,,,,,,,,,,,,,,,,,,,,,,,,,,,,,,,,,,,,,,,,
126,83.49004609634171,0.0,,,,,151.34917151882112,8.053348378267899,,,,,86.33542004788247,2.775557561562891e-17,,,,,85.45998030317655,0.0,,,,,,,,,,,,,,,,,,,,,,,,,,,,,,,,,,,,,,,,,,,,,,,,,,,,
127,83.57760861185398,0.0,,,,,153.11060624912983,7.6163387820482225,,,,,86.65398434374016,0.0,,,,,85.47512695018737,0.0,,,,,,,,,,,,,,,,,,,,,,,,,,,,,,,,,,,,,,,,,,,,,,,,,,,,
128,83.73155957933416,0.0,,,,,157.47662399332174,0.077999702209158,,,,,87.06985408158752,0.0,,,,,85.58841634317488,0.0,,,,,,,,,,,,,,,,,,,,,,,,,,,,,,,,,,,,,,,,,,,,,,,,,,,,
129,84.16179072481843,0.0,,,,,159.61916475887804,0.782313170845607,,,,,87.58868512824861,1.110223024625156e-16,,,,,85.63014332938107,0.0,,,,,,,,,,,,,,,,,,,,,,,,,,,,,,,,,,,,,,,,,,,,,,,,,,,,
130,84.9704340868472,0.0,,,,,162.5218610338287,2.775557561562891e-17,,,,,87.90922788861806,0.0,,,,,85.71120030692694,0.0,,,,,,,,,,,,,,,,,,,,,,,,,,,,,,,,,,,,,,,,,,,,,,,,,,,,
131,87.05078688923172,0.009311457215624,,,,,165.30482097079476,0.0,,,,,88.07925401927004,0.0,,,,,86.12867104130474,1.110223024625156e-16,,,,,,,,,,,,,,,,,,,,,,,,,,,,,,,,,,,,,,,,,,,,,,,,,,,,
132,87.19635106797985,0.0,,,,,166.16052056569055,3.885780586188048e-16,,,,,89.04685809994969,0.0,,,,,86.12895975169099,0.138533978304305,,,,,,,,,,,,,,,,,,,,,,,,,,,,,,,,,,,,,,,,,,,,,,,,,,,,
133,87.73972832808035,0.0,,,,,166.3934840183179,0.0,,,,,89.10388167309989,8.326672684688674e-17,,,,,86.30903471628078,0.123095829708563,,,,,,,,,,,,,,,,,,,,,,,,,,,,,,,,,,,,,,,,,,,,,,,,,,,,
134,88.31021842150108,1.110223024625156e-16,,,,,169.30109315974693,0.00482909042741,,,,,89.15152043849722,2.775557561562891e-17,,,,,86.31155836755568,0.0,,,,,,,,,,,,,,,,,,,,,,,,,,,,,,,,,,,,,,,,,,,,,,,,,,,,
135,89.05112295334582,0.0,,,,,172.38208831633398,0.072187269857216,,,,,89.34704467114273,0.0,,,,,86.45017998430346,2.775557561562891e-17,,,,,,,,,,,,,,,,,,,,,,,,,,,,,,,,,,,,,,,,,,,,,,,,,,,,
136,89.37208647068476,0.0,,,,,173.2192457579394,0.39550807976864605,,,,,89.70263015315955,0.21864517008987902,,,,,86.49385784310125,0.0,,,,,,,,,,,,,,,,,,,,,,,,,,,,,,,,,,,,,,,,,,,,,,,,,,,,
137,93.7841937544978,0.0,,,,,176.19215968020663,0.253339210650386,,,,,89.71566282213604,5.551115123125783e-17,,,,,86.59476808633204,0.0,,,,,,,,,,,,,,,,,,,,,,,,,,,,,,,,,,,,,,,,,,,,,,,,,,,,
138,96.9342123130484,8.326672684688674e-17,,,,,180.77903186176883,0.0,,,,,89.72856318436935,8.326672684688674e-17,,,,,86.95853980745726,0.17939425123757202,,,,,,,,,,,,,,,,,,,,,,,,,,,,,,,,,,,,,,,,,,,,,,,,,,,,
139,97.79360915524045,0.0,,,,,181.0513881951889,0.0,,,,,89.96645032843207,0.0,,,,,87.10067858226842,0.180508951595855,,,,,,,,,,,,,,,,,,,,,,,,,,,,,,,,,,,,,,,,,,,,,,,,,,,,
140,98.0453676722208,1.387778780781445e-17,,,,,184.91112289021336,0.000695234368873,,,,,89.96894390920252,0.0,,,,,87.20225119476991,0.0,,,,,,,,,,,,,,,,,,,,,,,,,,,,,,,,,,,,,,,,,,,,,,,,,,,,
141,99.04310300070476,5.551115123125783e-17,,,,,185.49219461827275,0.10351978685214301,,,,,90.03393454728004,0.0,,,,,87.32562379972933,0.0,,,,,,,,,,,,,,,,,,,,,,,,,,,,,,,,,,,,,,,,,,,,,,,,,,,,
142,99.7368359039924,0.0,,,,,186.1215590656533,2.775557561562891e-17,,,,,90.26506448832248,0.0,,,,,87.34838996624008,0.0,,,,,,,,,,,,,,,,,,,,,,,,,,,,,,,,,,,,,,,,,,,,,,,,,,,,
143,99.81897596711364,0.0,,,,,189.35469527778963,2.498001805406602e-16,,,,,90.26558887245326,0.0,,,,,87.47257849343228,0.0,,,,,,,,,,,,,,,,,,,,,,,,,,,,,,,,,,,,,,,,,,,,,,,,,,,,
144,99.82761933535852,0.0,,,,,190.21037983853813,0.0,,,,,90.6183302399244,0.0,,,,,87.74732895239805,0.0,,,,,,,,,,,,,,,,,,,,,,,,,,,,,,,,,,,,,,,,,,,,,,,,,,,,
145,100.49437164920984,5.551115123125783e-17,,,,,192.10069664435272,0.0,,,,,90.6302276480758,0.0,,,,,87.84316286297552,0.0,,,,,,,,,,,,,,,,,,,,,,,,,,,,,,,,,,,,,,,,,,,,,,,,,,,,
146,101.71251526470338,1.387778780781445e-16,,,,,194.37971659242612,0.36130219359437005,,,,,90.73275621335162,0.0,,,,,87.86478920687887,2.775557561562891e-17,,,,,,,,,,,,,,,,,,,,,,,,,,,,,,,,,,,,,,,,,,,,,,,,,,,,
147,102.55425005792056,0.045391188915672,,,,,195.40038632572575,0.20558839330768003,,,,,90.94645573510148,0.0,,,,,87.97666060278532,0.0,,,,,,,,,,,,,,,,,,,,,,,,,,,,,,,,,,,,,,,,,,,,,,,,,,,,
148,103.62728181133065,0.085660791027258,,,,,195.49457444454188,0.100862184685246,,,,,91.1641671584531,0.0,,,,,88.10181012085887,0.164500205851478,,,,,,,,,,,,,,,,,,,,,,,,,,,,,,,,,,,,,,,,,,,,,,,,,,,,
149,104.37639043755752,0.10272161855527501,,,,,195.84152721034212,2.775557561562891e-17,,,,,91.17225426318488,5.551115123125783e-17,,,,,88.25967435382644,0.169138711499133,,,,,,,,,,,,,,,,,,,,,,,,,,,,,,,,,,,,,,,,,,,,,,,,,,,,
150,104.89811853145814,3.084338182127752,,,,,196.0430534111573,0.424313746342157,,,,,91.31868212877733,1.387778780781445e-17,,,,,88.28823349996561,0.14787676019221702,,,,,,,,,,,,,,,,,,,,,,,,,,,,,,,,,,,,,,,,,,,,,,,,,,,,
151,105.32265573687644,4.142456650063721,,,,,198.69611453840812,0.38317791489685005,,,,,91.42139296953222,6.938893903907228e-17,,,,,88.42575807314005,0.144179050061873,,,,,,,,,,,,,,,,,,,,,,,,,,,,,,,,,,,,,,,,,,,,,,,,,,,,
152,105.68608662723535,0.007370076303912,,,,,198.7023364137411,0.17066431937241,,,,,91.70621550199569,0.0,,,,,88.55969187395738,0.142709351945943,,,,,,,,,,,,,,,,,,,,,,,,,,,,,,,,,,,,,,,,,,,,,,,,,,,,
153,105.75418453575304,0.0,,,,,203.3389034918416,0.09179603272259501,,,,,91.8316012435461,6.938893903907228e-17,,,,,88.67393843704181,0.138533705545609,,,,,,,,,,,,,,,,,,,,,,,,,,,,,,,,,,,,,,,,,,,,,,,,,,,,
154,106.43787788518635,0.0,,,,,203.50635645703665,6.938893903907228e-17,,,,,91.9139939295107,0.0,,,,,88.76704534574901,0.150491289634754,,,,,,,,,,,,,,,,,,,,,,,,,,,,,,,,,,,,,,,,,,,,,,,,,,,,
155,109.95681898251472,0.0,,,,,207.0604969361387,2.775557561562891e-17,,,,,91.97183042179157,1.387778780781445e-17,,,,,89.18038997984597,0.10746871533190401,,,,,,,,,,,,,,,,,,,,,,,,,,,,,,,,,,,,,,,,,,,,,,,,,,,,
156,110.00813378071028,0.0,,,,,208.49752581969136,0.0,,,,,92.20176917442674,4.163336342344337e-17,,,,,89.27733073912704,2.775557561562891e-17,,,,,,,,,,,,,,,,,,,,,,,,,,,,,,,,,,,,,,,,,,,,,,,,,,,,
157,110.10273603645288,2.775557561562891e-17,,,,,208.5539659709453,4.163336342344337e-17,,,,,92.20940312110122,0.014821503014657001,,,,,89.28337693499567,0.0,,,,,,,,,,,,,,,,,,,,,,,,,,,,,,,,,,,,,,,,,,,,,,,,,,,,
158,111.5390946573934,0.016605105105321,,,,,209.7117123693673,1.387778780781445e-17,,,,,92.24070164366078,8.326672684688674e-17,,,,,89.31599152174437,0.142182585211756,,,,,,,,,,,,,,,,,,,,,,,,,,,,,,,,,,,,,,,,,,,,,,,,,,,,
159,111.79201487854804,0.10981659884535101,,,,,211.6226913673145,0.0,,,,,92.27083433539136,6.938893903907228e-17,,,,,89.36041988795573,0.145397512540813,,,,,,,,,,,,,,,,,,,,,,,,,,,,,,,,,,,,,,,,,,,,,,,,,,,,
160,114.3044716814468,2.775557561562891e-17,,,,,211.82335419754085,4.207483704777629,,,,,92.33893928898586,0.0,,,,,89.3997710238612,0.138533898919037,,,,,,,,,,,,,,,,,,,,,,,,,,,,,,,,,,,,,,,,,,,,,,,,,,,,
161,114.3856061761503,2.775557561562891e-17,,,,,212.10846420460425,4.86806837095049,,,,,92.37369066586416,0.0,,,,,89.50892250493297,5.551115123125783e-17,,,,,,,,,,,,,,,,,,,,,,,,,,,,,,,,,,,,,,,,,,,,,,,,,,,,
162,115.04415127570692,5.551115123125783e-17,,,,,212.1515325790024,6.661338147750939e-16,,,,,92.70018860595958,4.163336342344337e-17,,,,,89.5444955951298,5.551115123125783e-17,,,,,,,,,,,,,,,,,,,,,,,,,,,,,,,,,,,,,,,,,,,,,,,,,,,,
163,115.4002733225804,5.551115123125783e-17,,,,,213.39304308425173,0.503736100035156,,,,,92.98980612476612,0.0,,,,,89.67656626898038,0.0,,,,,,,,,,,,,,,,,,,,,,,,,,,,,,,,,,,,,,,,,,,,,,,,,,,,
164,116.06574539659098,2.775557561562891e-17,,,,,214.08099666634288,0.0,,,,,93.45292633054235,0.0,,,,,89.7214920065491,0.542418816123562,,,,,,,,,,,,,,,,,,,,,,,,,,,,,,,,,,,,,,,,,,,,,,,,,,,,
165,117.00000887399956,0.18022906019527402,,,,,217.2119108629599,0.229810339578763,,,,,93.67778524565064,0.0,,,,,89.74544192282234,0.44880106166724304,,,,,,,,,,,,,,,,,,,,,,,,,,,,,,,,,,,,,,,,,,,,,,,,,,,,
166,118.34496558351276,2.775557561562891e-17,,,,,218.0930431438541,0.0,,,,,93.95685892318832,0.0,,,,,89.75401326343123,8.326672684688674e-17,,,,,,,,,,,,,,,,,,,,,,,,,,,,,,,,,,,,,,,,,,,,,,,,,,,,
167,118.58465356184976,0.063375269261844,,,,,218.39575272667136,0.0,,,,,94.2504846718055,2.775557561562891e-17,,,,,89.94377837915279,8.467314121000001e-06,,,,,,,,,,,,,,,,,,,,,,,,,,,,,,,,,,,,,,,,,,,,,,,,,,,,
168,118.73409227494136,0.33794348092729404,,,,,218.63824688789668,0.034753486070271004,,,,,94.59444514196764,0.0,,,,,90.01492391444785,0.0,,,,,,,,,,,,,,,,,,,,,,,,,,,,,,,,,,,,,,,,,,,,,,,,,,,,
169,118.88589256686564,0.313311443641973,,,,,219.475426584075,0.009445049829071002,,,,,95.02634788933936,0.0,,,,,90.1259085775706,1.387778780781445e-17,,,,,,,,,,,,,,,,,,,,,,,,,,,,,,,,,,,,,,,,,,,,,,,,,,,,
170,120.3411000930329,1.108336449565786,,,,,222.00861168807145,0.0014997884646960002,,,,,95.55565296903534,0.0,,,,,90.21915533662616,0.053046332975525,,,,,,,,,,,,,,,,,,,,,,,,,,,,,,,,,,,,,,,,,,,,,,,,,,,,
171,124.55847843940523,1.282078955733053,,,,,223.28089793607148,0.022029826957100002,,,,,95.70681073093256,6.938893903907228e-17,,,,,90.40724898368563,0.10366683858262601,,,,,,,,,,,,,,,,,,,,,,,,,,,,,,,,,,,,,,,,,,,,,,,,,,,,
172,124.85606359241628,0.12553855849463502,,,,,232.047567671233,2.012547271885266,,,,,95.9340436179416,0.0,,,,,90.4719004928146,0.0,,,,,,,,,,,,,,,,,,,,,,,,,,,,,,,,,,,,,,,,,,,,,,,,,,,,
173,126.3245455852748,0.0,,,,,235.72657728242652,8.737277823198118,,,,,95.99596323507156,6.938893903907228e-17,,,,,90.98311287567827,0.067395381203148,,,,,,,,,,,,,,,,,,,,,,,,,,,,,,,,,,,,,,,,,,,,,,,,,,,,
174,127.26172798062116,0.7584385466857111,,,,,235.87009545408168,0.0,,,,,96.17480791550815,6.938893903907228e-17,,,,,91.00932738997004,0.0,,,,,,,,,,,,,,,,,,,,,,,,,,,,,,,,,,,,,,,,,,,,,,,,,,,,
175,130.9612848290658,0.593615619994,,,,,237.169227588685,0.0,,,,,96.61456202803156,5.551115123125783e-17,,,,,91.23139785043404,2.775557561562891e-17,,,,,,,,,,,,,,,,,,,,,,,,,,,,,,,,,,,,,,,,,,,,,,,,,,,,
176,131.86379897584817,5.272248348507309,,,,,237.97478124035632,0.0008718003265580001,,,,,96.781019162026,1.110223024625156e-16,,,,,91.49006416748634,5.551115123125783e-17,,,,,,,,,,,,,,,,,,,,,,,,,,,,,,,,,,,,,,,,,,,,,,,,,,,,
177,133.34821515265872,2.576523054555451,,,,,241.21827470958257,1.110223024625156e-16,,,,,96.93733356879764,0.0,,,,,91.80280484314036,0.0,,,,,,,,,,,,,,,,,,,,,,,,,,,,,,,,,,,,,,,,,,,,,,,,,,,,
178,136.10016864065042,0.32698136808891604,,,,,241.71190988808928,0.004902903484845,,,,,97.07488811827484,0.0,,,,,92.26681968704656,0.0,,,,,,,,,,,,,,,,,,,,,,,,,,,,,,,,,,,,,,,,,,,,,,,,,,,,
179,137.63319133191254,0.217328401354205,,,,,241.8493414774668,0.0,,,,,97.9315988316632,0.0,,,,,92.42041124861886,0.043516864465678005,,,,,,,,,,,,,,,,,,,,,,,,,,,,,,,,,,,,,,,,,,,,,,,,,,,,
180,137.8967318950308,5.551115123125783e-16,,,,,246.67335934206483,0.23788330935554503,,,,,98.34880729304528,0.0,,,,,92.44154843144575,0.0,,,,,,,,,,,,,,,,,,,,,,,,,,,,,,,,,,,,,,,,,,,,,,,,,,,,
181,138.76399380138494,1.214954367143633,,,,,251.4327804829191,0.13759570378632102,,,,,98.59807052557832,1.6653345369377338e-16,,,,,92.5191731348541,0.140828313051549,,,,,,,,,,,,,,,,,,,,,,,,,,,,,,,,,,,,,,,,,,,,,,,,,,,,
182,139.2011279292546,0.031435373251188004,,,,,254.3153939717488,0.0,,,,,98.93328360038774,0.0010257707799870002,,,,,92.6378218632924,0.138530024330422,,,,,,,,,,,,,,,,,,,,,,,,,,,,,,,,,,,,,,,,,,,,,,,,,,,,
183,140.39816172223144,5.551115123125783e-17,,,,,254.62224103601883,0.0,,,,,99.0464532465943,0.0,,,,,92.98444691871278,0.09399146908894,,,,,,,,,,,,,,,,,,,,,,,,,,,,,,,,,,,,,,,,,,,,,,,,,,,,
184,144.8269005418685,0.049036495590909,,,,,262.20042739081055,0.42948249088982404,,,,,99.89002567924152,5.551115123125783e-17,,,,,93.00124310198612,5.19072041782281,,,,,,,,,,,,,,,,,,,,,,,,,,,,,,,,,,,,,,,,,,,,,,,,,,,,
185,145.66446970195076,0.020026658189607003,,,,,263.4116863700732,0.59443292277587,,,,,100.19896492665409,1.387778780781445e-17,,,,,93.98387422895873,5.888890176660903,,,,,,,,,,,,,,,,,,,,,,,,,,,,,,,,,,,,,,,,,,,,,,,,,,,,
186,147.36344731778703,0.834224123211125,,,,,268.1037660987104,0.18986537749130702,,,,,100.29300687349269,5.551115123125783e-17,,,,,94.00522746008389,8.326672684688674e-17,,,,,,,,,,,,,,,,,,,,,,,,,,,,,,,,,,,,,,,,,,,,,,,,,,,,
187,151.23908192946814,0.79368249426529,,,,,268.48669960445613,0.124557971578479,,,,,100.62222356180408,0.0,,,,,94.7825605317732,0.0,,,,,,,,,,,,,,,,,,,,,,,,,,,,,,,,,,,,,,,,,,,,,,,,,,,,
188,154.69422666899436,0.09254064406961901,,,,,270.3548476033751,78.09159777202271,,,,,100.98003469977888,0.0,,,,,94.7831926914241,5.754849368832987,,,,,,,,,,,,,,,,,,,,,,,,,,,,,,,,,,,,,,,,,,,,,,,,,,,,
189,157.3308368006289,0.051694355349261006,,,,,270.99091912588574,64.62708522034444,,,,,103.91026618563716,4.163336342344337e-17,,,,,95.14419574796008,5.854245454912205,,,,,,,,,,,,,,,,,,,,,,,,,,,,,,,,,,,,,,,,,,,,,,,,,,,,
190,160.14600231602137,0.056295521021387004,,,,,271.4636230991088,1.2069203779550581,,,,,108.57797491083404,0.0,,,,,95.5002736360508,5.551115123125783e-17,,,,,,,,,,,,,,,,,,,,,,,,,,,,,,,,,,,,,,,,,,,,,,,,,,,,
191,163.47811332374891,0.11418525279282801,,,,,271.50392948035324,0.568038829420859,,,,,109.34789250046168,0.0,,,,,95.60633885987268,0.0,,,,,,,,,,,,,,,,,,,,,,,,,,,,,,,,,,,,,,,,,,,,,,,,,,,,
192,166.6897586006052,0.001183472709544,,,,,273.61786303653685,0.18637487880384002,,,,,119.82794965354212,0.0,,,,,95.95712343389044,0.0,,,,,,,,,,,,,,,,,,,,,,,,,,,,,,,,,,,,,,,,,,,,,,,,,,,,
193,179.1539292771072,0.0,,,,,274.666571305916,0.186482065618152,,,,,120.76756518911962,4.163336342344337e-17,,,,,95.9785558094492,0.0,,,,,,,,,,,,,,,,,,,,,,,,,,,,,,,,,,,,,,,,,,,,,,,,,,,,
194,189.9769915507876,1.321839555158284,,,,,276.94188784530786,0.00146848539088,,,,,123.35841581994364,0.215412848847697,,,,,96.97516927986705,0.45643808286462706,,,,,,,,,,,,,,,,,,,,,,,,,,,,,,,,,,,,,,,,,,,,,,,,,,,,
195,195.29128008043253,1.681541121592173,,,,,281.5548867483661,0.0,,,,,125.04517622340784,0.283194919788303,,,,,96.98013767644012,0.5139459889379551,,,,,,,,,,,,,,,,,,,,,,,,,,,,,,,,,,,,,,,,,,,,,,,,,,,,
196,197.58577472387407,0.420454228314655,,,,,285.3270742962088,2.220446049250313e-16,,,,,125.2883390987606,8.326672684688674e-17,,,,,97.21999013048044,5.551115123125783e-17,,,,,,,,,,,,,,,,,,,,,,,,,,,,,,,,,,,,,,,,,,,,,,,,,,,,
197,209.10673034313825,0.011993502256324002,,,,,285.4431900721449,0.0,,,,,130.974287405263,0.0,,,,,104.2721639403283,0.0,,,,,,,,,,,,,,,,,,,,,,,,,,,,,,,,,,,,,,,,,,,,,,,,,,,,
198,218.17942416671804,0.25250848059485004,,,,,292.51734761143285,0.0,,,,,134.45109950858225,0.0,,,,,104.3619750483802,0.140355462148298,,,,,,,,,,,,,,,,,,,,,,,,,,,,,,,,,,,,,,,,,,,,,,,,,,,,
199,255.65311889461643,0.175617635080416,,,,,304.2262072592602,0.0,,,,,137.98634938598337,2.775557561562891e-17,,,,,105.78428618048464,0.07000207944147101,,,,,,,,,,,,,,,,,,,,,,,,,,,,,,,,,,,,,,,,,,,,,,,,,,,,
200,27.80723546766532,0.09337696391822001,,,,,20.702738899695294,2.220446049250313e-16,,,,,28.07874154809959,0.18817571921168402,,,,,,,,,,,,,,,,,,,,,,,,,,,,,,,,,,,,,,,,,,,,,,,,,,,,,,,,,,
201,35.35980037830897,0.050135408747317006,,,,,41.12233157979575,8.326672684688674e-16,,,,,56.04736291592721,0.184402605550987,,,,,,,,,,,,,,,,,,,,,,,,,,,,,,,,,,,,,,,,,,,,,,,,,,,,,,,,,,
202,38.81174422203498,0.0,,,,,44.594417981708126,5.551115123125783e-17,,,,,64.20582022310059,0.164948997608577,,,,,,,,,,,,,,,,,,,,,,,,,,,,,,,,,,,,,,,,,,,,,,,,,,,,,,,,,,
203,46.539937044765296,0.0,,,,,46.67840805015273,0.0,,,,,65.03672211684776,0.15949505341713302,,,,,,,,,,,,,,,,,,,,,,,,,,,,,,,,,,,,,,,,,,,,,,,,,,,,,,,,,,
204,47.38257310454534,3.330669073875469e-16,,,,,66.28544776891934,2.775557561562891e-17,,,,,67.41911557404094,0.012824627329090002,,,,,,,,,,,,,,,,,,,,,,,,,,,,,,,,,,,,,,,,,,,,,,,,,,,,,,,,,,
205,53.56103887435808,7.771561172376096e-16,,,,,74.56445746928375,0.0,,,,,68.31026823921074,0.031375783543780005,,,,,,,,,,,,,,,,,,,,,,,,,,,,,,,,,,,,,,,,,,,,,,,,,,,,,,,,,,
206,53.99918635416738,0.0,,,,,75.16201692812876,1.110223024625156e-16,,,,,71.16464824729347,0.0,,,,,,,,,,,,,,,,,,,,,,,,,,,,,,,,,,,,,,,,,,,,,,,,,,,,,,,,,,
207,54.105289190854606,0.0,,,,,77.9346600615234,2.220446049250313e-16,,,,,71.47029920548195,6.938893903907228e-17,,,,,,,,,,,,,,,,,,,,,,,,,,,,,,,,,,,,,,,,,,,,,,,,,,,,,,,,,,
208,54.543203974552,1.190417432872034,,,,,78.5317024753945,5.551115123125783e-17,,,,,72.54236017265463,0.175747653782715,,,,,,,,,,,,,,,,,,,,,,,,,,,,,,,,,,,,,,,,,,,,,,,,,,,,,,,,,,
209,61.09357580792696,7.98703312250131,,,,,81.66427504861045,2.775557561562891e-17,,,,,74.26229022369884,0.18986044595894902,,,,,,,,,,,,,,,,,,,,,,,,,,,,,,,,,,,,,,,,,,,,,,,,,,,,,,,,,,
210,62.62975676282505,3.330669073875469e-16,,,,,81.73823881572666,0.0,,,,,74.43495085477502,0.059054435095123,,,,,,,,,,,,,,,,,,,,,,,,,,,,,,,,,,,,,,,,,,,,,,,,,,,,,,,,,,
211,73.88542902569229,2.220446049250313e-16,,,,,81.95472300359947,5.551115123125783e-17,,,,,75.39315244385173,0.0,,,,,,,,,,,,,,,,,,,,,,,,,,,,,,,,,,,,,,,,,,,,,,,,,,,,,,,,,,
212,76.38083639656003,0.579303688546567,,,,,82.42857618220215,0.0,,,,,77.8787739030054,0.158077006890809,,,,,,,,,,,,,,,,,,,,,,,,,,,,,,,,,,,,,,,,,,,,,,,,,,,,,,,,,,
213,78.61816554475564,0.610225882825671,,,,,82.57116756745792,0.0,,,,,78.06888726438942,0.181128436205917,,,,,,,,,,,,,,,,,,,,,,,,,,,,,,,,,,,,,,,,,,,,,,,,,,,,,,,,,,
214,83.89216678568702,0.0,,,,,83.88858247636283,2.775557561562891e-17,,,,,78.08253213325389,0.15722138167281602,,,,,,,,,,,,,,,,,,,,,,,,,,,,,,,,,,,,,,,,,,,,,,,,,,,,,,,,,,
215,88.09711428721064,0.0,,,,,83.97692779642212,0.0,,,,,80.05981326496453,0.159336441858616,,,,,,,,,,,,,,,,,,,,,,,,,,,,,,,,,,,,,,,,,,,,,,,,,,,,,,,,,,
216,89.67550104794003,0.027463157146163004,,,,,84.22396579313912,0.0,,,,,80.15850599886585,0.06631426590787,,,,,,,,,,,,,,,,,,,,,,,,,,,,,,,,,,,,,,,,,,,,,,,,,,,,,,,,,,
217,90.5047163720122,5.1553909577e-05,,,,,84.45712315256864,1.110223024625156e-16,,,,,80.73400855647526,0.26319459380264404,,,,,,,,,,,,,,,,,,,,,,,,,,,,,,,,,,,,,,,,,,,,,,,,,,,,,,,,,,
218,90.61356308740952,3.330669073875469e-16,,,,,84.60302208855369,5.551115123125783e-17,,,,,81.90365890915973,0.023868214108683002,,,,,,,,,,,,,,,,,,,,,,,,,,,,,,,,,,,,,,,,,,,,,,,,,,,,,,,,,,
219,90.87151157014824,0.6405249766582071,,,,,84.91779673139578,1.249000902703301e-16,,,,,82.14547226146198,0.11911655104373901,,,,,,,,,,,,,,,,,,,,,,,,,,,,,,,,,,,,,,,,,,,,,,,,,,,,,,,,,,
220,91.68480261761408,0.09482548665342301,,,,,84.94208277255302,0.241716465326333,,,,,82.46501940121288,2.775557561562891e-17,,,,,,,,,,,,,,,,,,,,,,,,,,,,,,,,,,,,,,,,,,,,,,,,,,,,,,,,,,
221,91.90818134107003,0.012378131558819,,,,,85.14969865794478,2.775557561562891e-17,,,,,82.63353707215892,0.0,,,,,,,,,,,,,,,,,,,,,,,,,,,,,,,,,,,,,,,,,,,,,,,,,,,,,,,,,,
222,92.83198275013936,0.001250711014963,,,,,85.45297744229187,0.0,,,,,83.04885003694137,0.24649216960500203,,,,,,,,,,,,,,,,,,,,,,,,,,,,,,,,,,,,,,,,,,,,,,,,,,,,,,,,,,
223,93.0397563088102,0.002685378009532,,,,,85.74355422956388,5.551115123125783e-17,,,,,83.26991331309925,0.25957239172039204,,,,,,,,,,,,,,,,,,,,,,,,,,,,,,,,,,,,,,,,,,,,,,,,,,,,,,,,,,
224,93.14027892308656,1.110223024625156e-16,,,,,85.80603830537919,2.775557561562891e-17,,,,,83.72847216827941,0.016420221831050002,,,,,,,,,,,,,,,,,,,,,,,,,,,,,,,,,,,,,,,,,,,,,,,,,,,,,,,,,,
225,93.41001536966508,0.0,,,,,85.97127921242506,5.551115123125783e-17,,,,,83.88674138392594,0.10642019719974201,,,,,,,,,,,,,,,,,,,,,,,,,,,,,,,,,,,,,,,,,,,,,,,,,,,,,,,,,,
226,96.8033380585662,4.842381039072018,,,,,86.11407409258676,0.0,,,,,83.90812975769992,0.0,,,,,,,,,,,,,,,,,,,,,,,,,,,,,,,,,,,,,,,,,,,,,,,,,,,,,,,,,,
227,97.51136987320832,4.685738036084272,,,,,86.19222987861649,0.0,,,,,84.06043349133719,8.326672684688674e-17,,,,,,,,,,,,,,,,,,,,,,,,,,,,,,,,,,,,,,,,,,,,,,,,,,,,,,,,,,
228,100.04595882486096,1.6653345369377338e-16,,,,,86.29948838222944,0.0,,,,,84.08355423917148,2.775557561562891e-17,,,,,,,,,,,,,,,,,,,,,,,,,,,,,,,,,,,,,,,,,,,,,,,,,,,,,,,,,,
229,103.11133870428992,0.60921304939244,,,,,86.33247635224053,0.0,,,,,84.21561312536245,0.0,,,,,,,,,,,,,,,,,,,,,,,,,,,,,,,,,,,,,,,,,,,,,,,,,,,,,,,,,,
230,103.77114083931792,0.016962162795044002,,,,,86.3714182253394,5.551115123125783e-17,,,,,84.33873535911408,0.15320594491873102,,,,,,,,,,,,,,,,,,,,,,,,,,,,,,,,,,,,,,,,,,,,,,,,,,,,,,,,,,
231,106.9760998463905,0.0,,,,,86.39855151910304,6.938893903907228e-17,,,,,84.46199516276633,0.169703752814225,,,,,,,,,,,,,,,,,,,,,,,,,,,,,,,,,,,,,,,,,,,,,,,,,,,,,,,,,,
232,107.58303346265616,0.001223506167372,,,,,86.5841500816793,0.0,,,,,84.72969784057523,0.0,,,,,,,,,,,,,,,,,,,,,,,,,,,,,,,,,,,,,,,,,,,,,,,,,,,,,,,,,,
233,107.95462750795676,1.110223024625156e-16,,,,,86.73928315366133,0.0,,,,,84.90727492678182,0.18641929712028601,,,,,,,,,,,,,,,,,,,,,,,,,,,,,,,,,,,,,,,,,,,,,,,,,,,,,,,,,,
234,109.40649610962538,5.08858661865587,,,,,86.96081041674888,0.0,,,,,85.12252953376466,0.292121588875627,,,,,,,,,,,,,,,,,,,,,,,,,,,,,,,,,,,,,,,,,,,,,,,,,,,,,,,,,,
235,111.01583590561096,3.836876352627071,,,,,87.00761099306553,0.0,,,,,85.43087045974572,0.8984710459831391,,,,,,,,,,,,,,,,,,,,,,,,,,,,,,,,,,,,,,,,,,,,,,,,,,,,,,,,,,
236,111.34130868323524,0.037320062528038,,,,,87.21661201309921,2.775557561562891e-17,,,,,85.49327422224292,0.14696716930904402,,,,,,,,,,,,,,,,,,,,,,,,,,,,,,,,,,,,,,,,,,,,,,,,,,,,,,,,,,
237,111.6055716465116,0.075493420400057,,,,,87.38918649550305,5.551115123125783e-17,,,,,85.50894079280404,0.144877870783565,,,,,,,,,,,,,,,,,,,,,,,,,,,,,,,,,,,,,,,,,,,,,,,,,,,,,,,,,,
238,112.252899326301,1.074033994337055,,,,,87.45218069529653,2.775557561562891e-17,,,,,85.56630456986916,0.09403358414925,,,,,,,,,,,,,,,,,,,,,,,,,,,,,,,,,,,,,,,,,,,,,,,,,,,,,,,,,,
239,112.26298082071162,1.386889282124711,,,,,87.653637716354,0.0,,,,,85.62439754767392,0.084938588393591,,,,,,,,,,,,,,,,,,,,,,,,,,,,,,,,,,,,,,,,,,,,,,,,,,,,,,,,,,
240,114.86230713937655,1.65496922139626,,,,,88.00740904018849,1.387778780781445e-17,,,,,85.71271799174102,0.14944669151043002,,,,,,,,,,,,,,,,,,,,,,,,,,,,,,,,,,,,,,,,,,,,,,,,,,,,,,,,,,
241,117.57111343631406,1.118118509413875,,,,,88.0141430840969,0.0,,,,,85.77277929058056,0.15166696943409,,,,,,,,,,,,,,,,,,,,,,,,,,,,,,,,,,,,,,,,,,,,,,,,,,,,,,,,,,
242,120.22375158955366,0.0,,,,,88.45957028776041,0.0,,,,,85.83249532406519,0.15522043887490602,,,,,,,,,,,,,,,,,,,,,,,,,,,,,,,,,,,,,,,,,,,,,,,,,,,,,,,,,,
243,120.43740646509264,1.157220013523699,,,,,88.49152281651843,0.0040685647907260005,,,,,86.15598849285678,0.15208663361292502,,,,,,,,,,,,,,,,,,,,,,,,,,,,,,,,,,,,,,,,,,,,,,,,,,,,,,,,,,
244,120.71297286381034,0.000182133119632,,,,,88.93532554413298,0.0,,,,,86.18254182989843,5.551115123125783e-17,,,,,,,,,,,,,,,,,,,,,,,,,,,,,,,,,,,,,,,,,,,,,,,,,,,,,,,,,,
245,121.1633730823934,4.163336342344337e-17,,,,,88.97913031462238,0.0,,,,,86.28358989109294,5.551115123125783e-17,,,,,,,,,,,,,,,,,,,,,,,,,,,,,,,,,,,,,,,,,,,,,,,,,,,,,,,,,,
246,121.26303439157316,1.592136675973908,,,,,89.36033954563891,5.551115123125783e-17,,,,,86.28371946251339,0.19822073612683602,,,,,,,,,,,,,,,,,,,,,,,,,,,,,,,,,,,,,,,,,,,,,,,,,,,,,,,,,,
247,123.05299647627994,2.168096043715004,,,,,89.60198695301662,0.0,,,,,86.31764091800353,0.0,,,,,,,,,,,,,,,,,,,,,,,,,,,,,,,,,,,,,,,,,,,,,,,,,,,,,,,,,,
248,125.5984105724526,0.0,,,,,91.12784035097332,0.06314885174225801,,,,,86.36235107944833,0.062853940119307,,,,,,,,,,,,,,,,,,,,,,,,,,,,,,,,,,,,,,,,,,,,,,,,,,,,,,,,,,
249,130.82931430372776,0.0,,,,,91.19811766292972,2.775557561562891e-17,,,,,86.45830228355295,0.01414473657248,,,,,,,,,,,,,,,,,,,,,,,,,,,,,,,,,,,,,,,,,,,,,,,,,,,,,,,,,,
250,133.0837786258768,0.012403901906090002,,,,,91.35739242428244,0.13703939190519202,,,,,86.61402807764023,0.085284415880543,,,,,,,,,,,,,,,,,,,,,,,,,,,,,,,,,,,,,,,,,,,,,,,,,,,,,,,,,,
251,133.76220305344046,0.0,,,,,92.448033916701,0.125211635402585,,,,,86.6666722586536,0.083963099030937,,,,,,,,,,,,,,,,,,,,,,,,,,,,,,,,,,,,,,,,,,,,,,,,,,,,,,,,,,
252,133.83174937699326,0.0,,,,,93.38634714776212,0.0,,,,,86.82300367101624,0.009336156802160002,,,,,,,,,,,,,,,,,,,,,,,,,,,,,,,,,,,,,,,,,,,,,,,,,,,,,,,,,,
253,141.22192311570498,1.227363099708259,,,,,94.15669704086592,0.017873812886125003,,,,,87.09186077620508,0.036883032777259,,,,,,,,,,,,,,,,,,,,,,,,,,,,,,,,,,,,,,,,,,,,,,,,,,,,,,,,,,
254,141.72418434075672,1.110223024625156e-16,,,,,94.26822164342256,6.938893903907228e-17,,,,,87.24299462177787,0.12986333578741002,,,,,,,,,,,,,,,,,,,,,,,,,,,,,,,,,,,,,,,,,,,,,,,,,,,,,,,,,,
255,141.82816914843949,2.220446049250313e-16,,,,,95.11643293025696,0.0,,,,,87.37688397401354,0.10417166811409401,,,,,,,,,,,,,,,,,,,,,,,,,,,,,,,,,,,,,,,,,,,,,,,,,,,,,,,,,,
256,141.8526399699622,0.041277556357305005,,,,,95.28178845469613,2.775557561562891e-17,,,,,87.96490575876521,5.551115123125783e-17,,,,,,,,,,,,,,,,,,,,,,,,,,,,,,,,,,,,,,,,,,,,,,,,,,,,,,,,,,
257,145.83017939697248,0.040468245763669,,,,,95.2873799789608,9.714451465470121e-17,,,,,88.306710581826,8.326672684688674e-17,,,,,,,,,,,,,,,,,,,,,,,,,,,,,,,,,,,,,,,,,,,,,,,,,,,,,,,,,,
258,147.67688760775764,1.278679567046078,,,,,95.29945910818512,0.0,,,,,88.50213570220183,1.006850878025029,,,,,,,,,,,,,,,,,,,,,,,,,,,,,,,,,,,,,,,,,,,,,,,,,,,,,,,,,,
259,151.53180187638353,1.353846291839285,,,,,96.07710401685566,6.938893903907228e-17,,,,,88.57917894212696,1.31794325823726,,,,,,,,,,,,,,,,,,,,,,,,,,,,,,,,,,,,,,,,,,,,,,,,,,,,,,,,,,
260,151.8723271847693,0.0,,,,,96.7569839705828,0.0,,,,,88.68408050663385,0.18830506090739502,,,,,,,,,,,,,,,,,,,,,,,,,,,,,,,,,,,,,,,,,,,,,,,,,,,,,,,,,,
261,151.8981427530157,0.000634990804734,,,,,97.10010857766164,2.775557561562891e-17,,,,,88.87697682681423,0.194052746377211,,,,,,,,,,,,,,,,,,,,,,,,,,,,,,,,,,,,,,,,,,,,,,,,,,,,,,,,,,
262,155.69048701451248,0.0,,,,,97.3118586943077,2.775557561562891e-17,,,,,88.90412472212164,0.166678091721253,,,,,,,,,,,,,,,,,,,,,,,,,,,,,,,,,,,,,,,,,,,,,,,,,,,,,,,,,,
263,156.3012805256898,1.221245327087672e-15,,,,,97.49563728236112,0.0,,,,,88.96523638497654,0.160337164287707,,,,,,,,,,,,,,,,,,,,,,,,,,,,,,,,,,,,,,,,,,,,,,,,,,,,,,,,,,
264,156.48026044603338,1.918399114025298,,,,,97.58510113174698,0.0,,,,,89.23715082291665,0.18922033465880603,,,,,,,,,,,,,,,,,,,,,,,,,,,,,,,,,,,,,,,,,,,,,,,,,,,,,,,,,,
265,157.73878434333682,1.347720831622906,,,,,98.02241991996218,0.0,,,,,89.51207675287651,0.172872284001227,,,,,,,,,,,,,,,,,,,,,,,,,,,,,,,,,,,,,,,,,,,,,,,,,,,,,,,,,,
266,158.94536136731577,1.068564657494718,,,,,100.14870425437827,2.775557561562891e-17,,,,,89.59307892828315,0.073380952346128,,,,,,,,,,,,,,,,,,,,,,,,,,,,,,,,,,,,,,,,,,,,,,,,,,,,,,,,,,
267,161.60581818965903,0.034284896101383,,,,,101.27530226981187,0.09583069966851,,,,,89.85852805941639,0.145292787488253,,,,,,,,,,,,,,,,,,,,,,,,,,,,,,,,,,,,,,,,,,,,,,,,,,,,,,,,,,
268,163.5648127858961,0.012322302575387,,,,,101.74331092441338,8.326672684688674e-17,,,,,89.90996150780218,1.128953177222992,,,,,,,,,,,,,,,,,,,,,,,,,,,,,,,,,,,,,,,,,,,,,,,,,,,,,,,,,,
269,165.31056281804948,0.0,,,,,102.20795554964776,0.0,,,,,90.21612728821972,1.17537775502142,,,,,,,,,,,,,,,,,,,,,,,,,,,,,,,,,,,,,,,,,,,,,,,,,,,,,,,,,,
270,170.54306544494167,0.114503675069499,,,,,103.11706895867748,0.0,,,,,90.43087757026332,0.0,,,,,,,,,,,,,,,,,,,,,,,,,,,,,,,,,,,,,,,,,,,,,,,,,,,,,,,,,,
271,170.79308868769402,0.22542494515903602,,,,,104.07591633947727,2.775557561562891e-17,,,,,90.45337603161472,0.013726568854352,,,,,,,,,,,,,,,,,,,,,,,,,,,,,,,,,,,,,,,,,,,,,,,,,,,,,,,,,,
272,171.31711869637616,1.110223024625156e-16,,,,,104.50048120998592,0.0,,,,,90.6316207227834,2.775557561562891e-17,,,,,,,,,,,,,,,,,,,,,,,,,,,,,,,,,,,,,,,,,,,,,,,,,,,,,,,,,,
273,171.3815977236866,0.862165861279188,,,,,105.67692625538096,5.551115123125783e-17,,,,,91.2600861180178,2.775557561562891e-17,,,,,,,,,,,,,,,,,,,,,,,,,,,,,,,,,,,,,,,,,,,,,,,,,,,,,,,,,,
274,172.70508599571087,0.6763026716089221,,,,,105.72792494171046,0.0,,,,,91.53023880947754,4.163336342344337e-17,,,,,,,,,,,,,,,,,,,,,,,,,,,,,,,,,,,,,,,,,,,,,,,,,,,,,,,,,,
275,176.75747382092266,0.812071740404249,,,,,106.7937395484422,0.0,,,,,91.61247489266718,0.315856170463552,,,,,,,,,,,,,,,,,,,,,,,,,,,,,,,,,,,,,,,,,,,,,,,,,,,,,,,,,,
276,178.3489563987268,2.220446049250313e-16,,,,,107.34305493908596,4.440892098500626e-16,,,,,91.71885756980365,2.775557561562891e-17,,,,,,,,,,,,,,,,,,,,,,,,,,,,,,,,,,,,,,,,,,,,,,,,,,,,,,,,,,
277,179.45796505992735,1.951790329268237,,,,,108.0525403438363,0.0,,,,,92.09770329721816,0.169743031344325,,,,,,,,,,,,,,,,,,,,,,,,,,,,,,,,,,,,,,,,,,,,,,,,,,,,,,,,,,
278,180.66219436306423,1.110223024625156e-16,,,,,109.30473511155051,1.387778780781445e-16,,,,,92.711840446667,0.0,,,,,,,,,,,,,,,,,,,,,,,,,,,,,,,,,,,,,,,,,,,,,,,,,,,,,,,,,,
279,181.6950354743662,0.07096646975713501,,,,,110.74063118674832,0.0,,,,,92.71431737883896,0.0,,,,,,,,,,,,,,,,,,,,,,,,,,,,,,,,,,,,,,,,,,,,,,,,,,,,,,,,,,
280,189.3142542929308,0.250807062886441,,,,,111.24971624018536,0.0,,,,,93.04266848593936,0.0,,,,,,,,,,,,,,,,,,,,,,,,,,,,,,,,,,,,,,,,,,,,,,,,,,,,,,,,,,
281,190.39273449203571,0.257222330481963,,,,,111.30869892488558,2.775557561562891e-17,,,,,93.22747714319904,0.0,,,,,,,,,,,,,,,,,,,,,,,,,,,,,,,,,,,,,,,,,,,,,,,,,,,,,,,,,,
282,194.42289015007916,0.21104862255102003,,,,,113.12897342449456,0.0,,,,,93.250710075649,0.07927810986938301,,,,,,,,,,,,,,,,,,,,,,,,,,,,,,,,,,,,,,,,,,,,,,,,,,,,,,,,,,
283,199.9729167854657,0.045072310635924005,,,,,113.363190063816,0.0,,,,,93.5792423136412,0.084652749443412,,,,,,,,,,,,,,,,,,,,,,,,,,,,,,,,,,,,,,,,,,,,,,,,,,,,,,,,,,
284,209.1845726809099,1.097188278779759,,,,,115.71368342825949,2.775557561562891e-17,,,,,95.1340060431216,5.551115123125783e-17,,,,,,,,,,,,,,,,,,,,,,,,,,,,,,,,,,,,,,,,,,,,,,,,,,,,,,,,,,
285,215.2480834083196,0.006252225079909001,,,,,118.7669353120758,4.163336342344337e-17,,,,,96.01945643373114,0.0,,,,,,,,,,,,,,,,,,,,,,,,,,,,,,,,,,,,,,,,,,,,,,,,,,,,,,,,,,
286,217.03361810706087,6.938893903907228e-17,,,,,120.14681604251928,6.938893903907228e-17,,,,,97.40087497931226,0.19053115011948601,,,,,,,,,,,,,,,,,,,,,,,,,,,,,,,,,,,,,,,,,,,,,,,,,,,,,,,,,,
287,219.9789055349688,0.274873766349403,,,,,120.61432911893785,1.52655665885959e-16,,,,,97.48067987878687,0.20928408364796103,,,,,,,,,,,,,,,,,,,,,,,,,,,,,,,,,,,,,,,,,,,,,,,,,,,,,,,,,,
288,233.7066410085028,0.0,,,,,122.72133103047868,5.551115123125783e-17,,,,,97.8919855994647,0.0,,,,,,,,,,,,,,,,,,,,,,,,,,,,,,,,,,,,,,,,,,,,,,,,,,,,,,,,,,
289,235.50847154169864,3.330669073875469e-16,,,,,122.75312844454432,0.0,,,,,98.0456876137276,0.0,,,,,,,,,,,,,,,,,,,,,,,,,,,,,,,,,,,,,,,,,,,,,,,,,,,,,,,,,,
290,236.6943774535614,0.45504011593500704,,,,,124.7396466288255,4.163336342344337e-17,,,,,98.57964731466024,0.0,,,,,,,,,,,,,,,,,,,,,,,,,,,,,,,,,,,,,,,,,,,,,,,,,,,,,,,,,,
291,254.24256449845277,0.699972216863018,,,,,126.80622675399368,0.0,,,,,98.6414157811068,0.0,,,,,,,,,,,,,,,,,,,,,,,,,,,,,,,,,,,,,,,,,,,,,,,,,,,,,,,,,,
292,265.8030909785049,1.2932499007743021,,,,,128.19188059912406,73.97003733882812,,,,,101.49833473014456,0.040197262493674,,,,,,,,,,,,,,,,,,,,,,,,,,,,,,,,,,,,,,,,,,,,,,,,,,,,,,,,,,
293,272.075087324847,0.558678530433399,,,,,128.7904272368877,73.97003733882812,,,,,102.248814780529,0.040887824412858,,,,,,,,,,,,,,,,,,,,,,,,,,,,,,,,,,,,,,,,,,,,,,,,,,,,,,,,,,
294,273.438365064368,1.110223024625156e-16,,,,,129.7194691718213,4.163336342344337e-17,,,,,104.12540708147236,0.0,,,,,,,,,,,,,,,,,,,,,,,,,,,,,,,,,,,,,,,,,,,,,,,,,,,,,,,,,,
295,279.9939529202346,0.0,,,,,135.09900742645985,0.0,,,,,105.28422040786424,0.0,,,,,,,,,,,,,,,,,,,,,,,,,,,,,,,,,,,,,,,,,,,,,,,,,,,,,,,,,,
296,304.1061633982084,0.077420408442933,,,,,138.30516647644873,1.110223024625156e-16,,,,,107.4396936494028,0.042002089256898,,,,,,,,,,,,,,,,,,,,,,,,,,,,,,,,,,,,,,,,,,,,,,,,,,,,,,,,,,
297,304.69910787495354,0.09302077947572,,,,,157.28916699831856,0.0,,,,,110.18554087066016,0.0,,,,,,,,,,,,,,,,,,,,,,,,,,,,,,,,,,,,,,,,,,,,,,,,,,,,,,,,,,
298,385.6219928341816,0.001641757815689,,,,,170.1279567981755,2.775557561562891e-17,,,,,111.60918346008312,0.0,,,,,,,,,,,,,,,,,,,,,,,,,,,,,,,,,,,,,,,,,,,,,,,,,,,,,,,,,,
299,429.8397116201322,0.001064809455286,,,,,174.18009604972812,0.0,,,,,112.209292996382,0.0,,,,,,,,,,,,,,,,,,,,,,,,,,,,,,,,,,,,,,,,,,,,,,,,,,,,,,,,,,
